{"v":"5.0.5","fr":29.9700012207031,"ip":0,"op":14.0000005702317,"w":80,"h":80,"nm":"favorites_asset","ddd":0,"assets":[{"id":"image_0","w":64,"h":64,"u":"images/","p":"img_0.png"}],"layers":[{"ddd":0,"ind":1,"ty":4,"nm":"heart empty 2","sr":1,"ks":{"o":{"a":1,"k":[{"i":{"x":[0.833],"y":[0.833]},"o":{"x":[0.167],"y":[0.167]},"n":["0p833_0p833_0p167_0p167"],"t":-26.508,"s":[100],"e":[0]},{"i":{"x":[0.833],"y":[0.833]},"o":{"x":[0.167],"y":[0.167]},"n":["0p833_0p833_0p167_0p167"],"t":-24.843,"s":[0],"e":[0]},{"i":{"x":[0.833],"y":[0.833]},"o":{"x":[0.167],"y":[0.167]},"n":["0p833_0p833_0p167_0p167"],"t":7.66,"s":[0],"e":[100]},{"t":8.49250034590662}],"ix":11},"r":{"a":1,"k":[{"i":{"x":[0.321],"y":[0.999]},"o":{"x":[0.315],"y":[0.037]},"n":["0p321_0p999_0p315_0p037"],"t":-34,"s":[0],"e":[10]},{"i":{"x":[0.418],"y":[1]},"o":{"x":[0.748],"y":[0]},"n":["0p418_1_0p748_0"],"t":-25,"s":[10],"e":[0]},{"i":{"x":[0.833],"y":[1]},"o":{"x":[0.167],"y":[0]},"n":["0p833_1_0p167_0"],"t":-21,"s":[0],"e":[0]},{"i":{"x":[0.667],"y":[1]},"o":{"x":[0.37],"y":[-0.002]},"n":["0p667_1_0p37_-0p002"],"t":1,"s":[0],"e":[-17]},{"i":{"x":[0.667],"y":[1]},"o":{"x":[0.333],"y":[0]},"n":["0p667_1_0p333_0"],"t":4.33,"s":[-17],"e":[17]},{"i":{"x":[0.833],"y":[1]},"o":{"x":[0.333],"y":[0]},"n":["0p833_1_0p333_0"],"t":7.66,"s":[17],"e":[0]},{"t":10.9900004476319}],"ix":10},"p":{"a":0,"k":[39.899,40.917,0],"ix":2},"a":{"a":0,"k":[11.149,10.25,0],"ix":1},"s":{"a":1,"k":[{"i":{"x":[0.667,0.667,0.667],"y":[1,1,1]},"o":{"x":[0.587,0.587,0.333],"y":[0,0,0]},"n":["0p667_1_0p587_0","0p667_1_0p587_0","0p667_1_0p333_0"],"t":-34,"s":[100,100,100],"e":[140,140,100]},{"i":{"x":[0.833,0.833,0.833],"y":[0.833,0.833,1]},"o":{"x":[0.333,0.333,0.333],"y":[0,0,0]},"n":["0p833_0p833_0p333_0","0p833_0p833_0p333_0","0p833_1_0p333_0"],"t":-27,"s":[140,140,100],"e":[100,100,100]},{"t":-20.0000008146167}],"ix":6}},"ao":0,"shapes":[{"ty":"gr","it":[{"ind":0,"ty":"sh","ix":1,"ks":{"a":0,"k":{"i":[[0,0],[0,4.12],[-3.357,0],[-1.188,-1.395],[-1.897,0],[0,-3.357],[5.613,-5.102],[0,0]],"o":[[-5.613,-5.09],[0,-3.357],[1.896,0],[1.188,-1.395],[3.357,0],[0,4.12],[0,0],[0,0]],"v":[[-1.58,8.561],[-10.899,-4.005],[-4.904,-10],[0,-7.722],[4.905,-10],[10.899,-4.005],[1.581,8.573],[0,10]],"c":true},"ix":2},"nm":"Path 1","mn":"ADBE Vector Shape - Group","hd":false},{"ty":"fl","c":{"a":0,"k":[0.365000017952,0.588000009574,0.128999986836,1],"ix":4},"o":{"a":0,"k":100,"ix":5},"r":1,"nm":"Fill 1","mn":"ADBE Vector Graphic - Fill","hd":false},{"ty":"tr","p":{"a":0,"k":[11.149,10.25],"ix":2},"a":{"a":0,"k":[0,0],"ix":1},"s":{"a":0,"k":[100,100],"ix":3},"r":{"a":0,"k":0,"ix":6},"o":{"a":0,"k":100,"ix":7},"sk":{"a":0,"k":0,"ix":4},"sa":{"a":0,"k":0,"ix":5},"nm":"Transform"}],"nm":"Group 1","np":2,"cix":2,"ix":1,"mn":"ADBE Vector Group","hd":false}],"ip":0,"op":15.0000006109625,"st":-35.0000014255792,"bm":0},{"ddd":0,"ind":2,"ty":4,"nm":"heart filled 2","sr":1,"ks":{"o":{"a":1,"k":[{"i":{"x":[0.833],"y":[0.833]},"o":{"x":[0.167],"y":[0.167]},"n":["0p833_0p833_0p167_0p167"],"t":-30,"s":[0],"e":[100]},{"i":{"x":[0.833],"y":[0.833]},"o":{"x":[0.167],"y":[0.167]},"n":["0p833_0p833_0p167_0p167"],"t":-26.67,"s":[100],"e":[100]},{"i":{"x":[0.833],"y":[0.833]},"o":{"x":[0.167],"y":[0.167]},"n":["0p833_0p833_0p167_0p167"],"t":7.66,"s":[100],"e":[0]},{"t":10.9900004476319}],"ix":11},"r":{"a":1,"k":[{"i":{"x":[0.385],"y":[1]},"o":{"x":[0.548],"y":[0]},"n":["0p385_1_0p548_0"],"t":-34,"s":[0],"e":[10]},{"i":{"x":[0.418],"y":[1]},"o":{"x":[0.748],"y":[0]},"n":["0p418_1_0p748_0"],"t":-25,"s":[10],"e":[0]},{"i":{"x":[0.833],"y":[1]},"o":{"x":[0.167],"y":[0]},"n":["0p833_1_0p167_0"],"t":-21,"s":[0],"e":[0]},{"i":{"x":[0.667],"y":[1]},"o":{"x":[0.37],"y":[-0.002]},"n":["0p667_1_0p37_-0p002"],"t":1,"s":[0],"e":[-17]},{"i":{"x":[0.667],"y":[1]},"o":{"x":[0.333],"y":[0]},"n":["0p667_1_0p333_0"],"t":4.33,"s":[-17],"e":[17]},{"i":{"x":[0.833],"y":[1]},"o":{"x":[0.333],"y":[0]},"n":["0p833_1_0p333_0"],"t":7.66,"s":[17],"e":[0]},{"t":10.9900004476319}],"ix":10},"p":{"a":0,"k":[40,40.917,0],"ix":2},"a":{"a":0,"k":[11.149,10.25,0],"ix":1},"s":{"a":1,"k":[{"i":{"x":[0.667,0.667,0.667],"y":[1,1,1]},"o":{"x":[0.587,0.587,0.333],"y":[0,0,0]},"n":["0p667_1_0p587_0","0p667_1_0p587_0","0p667_1_0p333_0"],"t":-34,"s":[100,100,100],"e":[140,140,100]},{"i":{"x":[0.833,0.833,0.833],"y":[0.833,0.833,0.829]},"o":{"x":[0.333,0.333,0.333],"y":[0,0,0]},"n":["0p833_0p833_0p333_0","0p833_0p833_0p333_0","0p833_0p829_0p333_0"],"t":-27,"s":[140,140,100],"e":[100,100,100]},{"t":-20.0000008146167}],"ix":6}},"ao":0,"shapes":[{"ty":"gr","it":[{"ind":0,"ty":"sh","ix":1,"ks":{"a":0,"k":{"i":[[3.357,0],[1.188,-1.395],[1.897,0],[0,-3.357],[-5.613,-5.09],[0,0],[0,0],[0,4.12]],"o":[[-1.896,0],[-1.188,-1.395],[-3.357,0],[0,4.12],[0,0],[0,0],[5.614,-5.102],[0,-3.357]],"v":[[4.905,-10],[0,-7.722],[-4.905,-10],[-10.899,-4.005],[-1.58,8.561],[0,10],[1.58,8.573],[10.899,-4.005]],"c":true},"ix":2},"nm":"Path 1","mn":"ADBE Vector Shape - Group","hd":false},{"ind":1,"ty":"sh","ix":2,"ks":{"a":0,"k":{"i":[[-1.278,0],[0,-2.24],[5.191,-4.718],[0,0],[0,0],[0,0],[0,3.23],[-2.239,0],[-0.839,-0.986],[0,0],[0,0]],"o":[[2.24,0],[0,3.224],[0,0],[0,0],[0,0],[-5.207,-4.723],[0,-2.24],[1.279,0],[0,0],[0,0],[0.84,-0.986]],"v":[[4.905,-8],[8.899,-4.005],[0.279,7.053],[0.24,7.088],[0.005,7.3],[-0.251,7.068],[-8.899,-4.005],[-4.905,-8],[-1.523,-6.425],[0,-4.637],[1.523,-6.425]],"c":true},"ix":2},"nm":"Path 2","mn":"ADBE Vector Shape - Group","hd":false},{"ty":"mm","mm":1,"nm":"Merge Paths 1","mn":"ADBE Vector Filter - Merge","hd":false},{"ty":"fl","c":{"a":0,"k":[0.365000017952,0.588000009574,0.128999986836,1],"ix":4},"o":{"a":0,"k":100,"ix":5},"r":1,"nm":"Fill 1","mn":"ADBE Vector Graphic - Fill","hd":false},{"ty":"tr","p":{"a":0,"k":[11.149,10.25],"ix":2},"a":{"a":0,"k":[0,0],"ix":1},"s":{"a":0,"k":[100,100],"ix":3},"r":{"a":0,"k":0,"ix":6},"o":{"a":0,"k":100,"ix":7},"sk":{"a":0,"k":0,"ix":4},"sa":{"a":0,"k":0,"ix":5},"nm":"Transform"}],"nm":"Group 1","np":4,"cix":2,"ix":1,"mn":"ADBE Vector Group","hd":false}],"ip":0,"op":15.0000006109625,"st":-35.0000014255792,"bm":0},{"ddd":0,"ind":3,"ty":4,"nm":"background circle 2","sr":1,"ks":{"o":{"a":0,"k":100,"ix":11},"r":{"a":0,"k":0,"ix":10},"p":{"a":0,"k":[40,40,0],"ix":2},"a":{"a":0,"k":[28.25,28.25,0],"ix":1},"s":{"a":1,"k":[{"i":{"x":[0.667,0.667,0.667],"y":[1,1,1]},"o":{"x":[0.803,0.803,0.333],"y":[0,0,0]},"n":["0p667_1_0p803_0","0p667_1_0p803_0","0p667_1_0p333_0"],"t":-34,"s":[100,100,100],"e":[115,115,100]},{"i":{"x":[0.362,0.362,0.667],"y":[1.511,1.511,1]},"o":{"x":[0.485,0.485,0.333],"y":[0,0,0]},"n":["0p362_1p511_0p485_0","0p362_1p511_0p485_0","0p667_1_0p333_0"],"t":-26,"s":[115,115,100],"e":[100,100,100]},{"i":{"x":[0.813,0.813,0.667],"y":[1,1,1]},"o":{"x":[0.167,0.167,0.167],"y":[0,0,0.002]},"n":["0p813_1_0p167_0","0p813_1_0p167_0","0p667_1_0p167_0p002"],"t":-18,"s":[100,100,100],"e":[100,100,100]},{"i":{"x":[0.559,0.559,0.667],"y":[1,1,1]},"o":{"x":[0.561,0.561,0.333],"y":[0,0,0]},"n":["0p559_1_0p561_0","0p559_1_0p561_0","0p667_1_0p333_0"],"t":0,"s":[100,100,100],"e":[108,108,100]},{"i":{"x":[0.505,0.505,0.667],"y":[1,1,1]},"o":{"x":[0.505,0.505,0.333],"y":[0,0,0]},"n":["0p505_1_0p505_0","0p505_1_0p505_0","0p667_1_0p333_0"],"t":4,"s":[108,108,100],"e":[100,100,100]},{"t":8.00000032584668}],"ix":6}},"ao":0,"shapes":[{"ty":"gr","it":[{"ind":0,"ty":"sh","ix":1,"ks":{"a":0,"k":{"i":[[0,15.468],[-15.467,0],[0,-15.467],[15.467,0]],"o":[[0,-15.464],[15.464,0],[0,15.464],[-15.464,0]],"v":[[-28,0],[0,-28],[28,0],[0,28]],"c":true},"ix":2},"nm":"Path 1","mn":"ADBE Vector Shape - Group","hd":false},{"ty":"mm","mm":4,"nm":"Merge Paths 1","mn":"ADBE Vector Filter - Merge","hd":false},{"ty":"fl","c":{"a":0,"k":[1,1,1,1],"ix":4},"o":{"a":0,"k":100,"ix":5},"r":1,"nm":"Fill 1","mn":"ADBE Vector Graphic - Fill","hd":false},{"ty":"tr","p":{"a":0,"k":[28.25,28.25],"ix":2},"a":{"a":0,"k":[0,0],"ix":1},"s":{"a":0,"k":[100,100],"ix":3},"r":{"a":0,"k":0,"ix":6},"o":{"a":0,"k":100,"ix":7},"sk":{"a":0,"k":0,"ix":4},"sa":{"a":0,"k":0,"ix":5},"nm":"Transform"}],"nm":"Group 1","np":3,"cix":2,"ix":1,"mn":"ADBE Vector Group","hd":false}],"ip":0,"op":15.0000006109625,"st":-35.0000014255792,"bm":0},{"ddd":0,"ind":4,"ty":2,"nm":"shadow/favorites_asset2.ai","cl":"ai","refId":"image_0","sr":1,"ks":{"o":{"a":0,"k":100,"ix":11},"r":{"a":0,"k":0,"ix":10},"p":{"a":0,"k":[40,43.875,0],"ix":2},"a":{"a":0,"k":[32,32,0],"ix":1},"s":{"a":1,"k":[{"i":{"x":[0.667,0.667,0.667],"y":[1,1,1]},"o":{"x":[0.803,0.803,0.333],"y":[0,0,0]},"n":["0p667_1_0p803_0","0p667_1_0p803_0","0p667_1_0p333_0"],"t":-34,"s":[100,100,100],"e":[115,115,100]},{"i":{"x":[0.362,0.362,0.667],"y":[1.511,1.511,1]},"o":{"x":[0.485,0.485,0.333],"y":[0,0,0]},"n":["0p362_1p511_0p485_0","0p362_1p511_0p485_0","0p667_1_0p333_0"],"t":-26,"s":[115,115,100],"e":[100,100,100]},{"i":{"x":[0.813,0.813,0.667],"y":[1,1,1]},"o":{"x":[0.167,0.167,0.167],"y":[0,0,0]},"n":["0p813_1_0p167_0","0p813_1_0p167_0","0p667_1_0p167_0"],"t":-18,"s":[100,100,100],"e":[100,100,100]},{"i":{"x":[0.559,0.559,0.667],"y":[1,1,1]},"o":{"x":[0.561,0.561,0.333],"y":[0,0,0]},"n":["0p559_1_0p561_0","0p559_1_0p561_0","0p667_1_0p333_0"],"t":0,"s":[100,100,100],"e":[108,108,100]},{"i":{"x":[0.505,0.505,0.667],"y":[1,1,1]},"o":{"x":[0.505,0.505,0.333],"y":[0,0,0]},"n":["0p505_1_0p505_0","0p505_1_0p505_0","0p667_1_0p333_0"],"t":4,"s":[108,108,100],"e":[100,100,100]},{"t":8.00000032584668}],"ix":6}},"ao":0,"ip":0,"op":15.0000006109625,"st":-35.0000014255792,"bm":0}],"markers":[]}