{
  "addressfields": [
    "salutation",
    "firstName",
    "lastName",
    "email",
    "phone",
    "houseNumber",
    "address1",
    "address2",
    "town",
    "postalCode",
    "state",
    "country"
  ],
  "excludedFields": {
    "US": [
      "houseNumber",
      "address2"
    ],
    "HU": [
      "state"
    ],
    "PL": [
      "state"
    ],
    "CZ": [
      "address2"
    ],
    "RO": [
      "address2"
    ],
    "DE": [
      "address2",
      "state"
    ],
    "NL": [
      "address2",
      "state"
    ],
    "GB": [
      "address2",
      "state"
    ],
    "BE": [
      "address2",
      "state"
    ],
    "AT": [
      "address2",
      "state"
    ],
    "SE": [
      "address2",
      "state"
    ],
    "ES": [
      "address2",
      "state"
    ],
    "DK" :[
      "address2",
      "state"
    ],
    "CH" :[
      "address2",
      "state"
    ],
    "IT" :[
      "address2",
      "state"
    ],
    "FR" :[
      "address2",
      "state"
    ],
    "FI" :[
      "address2",
      "state"
    ],
    "NO" :[
      "address2",
      "state"
    ],
    "SG" :[
      "address2",
      "state"
    ]
  }
}
