{
  "meta":{

  },
  "data":{
    "id":"79c592c1-3242-0000-0000-1234567dabcd",
    "type":"recipes",
    "attributes":{
      "createdAt":"2018-02-07T09:30:24.570Z",
      "modifiedAt":"2018-03-29T18:11:56.417Z",
      "totalTimeSeconds":1800,
      "processingTimeSeconds":720,
      "preparationTimeSeconds":1080,
      "passivePreparationTimeSeconds":0,
      "activeTimeSeconds":1800,
      "status":6,
      "numberOfServings":2,
      "type":"MANAGED",
      "shortId":"MR-02171795",
      "viewCount":278,
      "favouriteCount":1,
      "shareCount":5,
      "translationCount":3,
      "commentCount":0,
      "deviceCount":3,
      "deviceSelected":false,
      "contentCategory":"AIR_COOKER",
      "isFavourite":null,
      "lockedAt":null,
      "nutritionalInfoComment":null,
      "easyToStartWith":true,
      "maxNumberOfServings":null,
      "totalWeight":650.0,
      "updateNutritionInfo":false
    },
    "relationships":{
      "recipeNutritionInfo":{
        "data":[
        ]
      },
      "devices":{
        "data":[
          {
            "id":"71bff362-0538-4e04-9733-c873b0d0cfd8",
            "type":"devices"
          }
        ]
      },
      "originalDevice":{
        "data":{
          "id":"71bff362-0538-4e04-9733-c873b0d0cfd8",
          "type":"devices"
        }
      },
      "coverImage":{
        "data": {
          "id":"aabbcc12-0000-45b8-a4e0-cb5373d1dbaf",
          "type":"media"
        }
      },
      "ingredientOverviewImage":{
        "data":null
      },
      "equipmentOverviewImage":{
        "data":null
      },
      "profiles":{
        "data":[
          {
            "id":"00000001-0001-0000-0000-c00000000000",
            "type":"profiles"
          }
        ]
      },
      "domain":{
        "data":{
          "id":"00000001-0000-0000-0000-d00000000000",
          "type":"domains"
        }
      },
      "authorConsumer":{
        "data":null
      },
      "authorUser":{
        "data":{
          "id":"8052feef-67db-4494-993a-860e6554da16",
          "type":"users"
        }
      },
      "defaultTranslation":{
        "data":{
          "id":"751785ef-2061-4dc4-a2a8-11aac0218124",
          "type":"recipeTranslations"
        }
      },
      "tags":{
        "data":[

        ]
      },
      "recipeTranslations":{
        "data":[
          {
            "id":"751785ef-2061-4dc4-a2a8-11aac0218124",
            "type":"recipeTranslations"
          }
        ]
      },
      "processingSteps":{
        "data":[
          {
            "id":"f8717ea8-32d8-4e34-9eef-5b0c849fd78e",
            "type":"processingSteps"
          },
          {
            "id":"112b86a3-45f8-4e2d-943e-d915adf7103f",
            "type":"processingSteps"
          },
          {
            "id":"ffccef0b-b6fc-4f1a-a076-f534523d8c35",
            "type":"processingSteps"
          },
          {
            "id":"aabbdd0b-0000-4f1a-a076-f534523d8c35",
            "type":"processingSteps"
          }
        ]
      },
      "recipeIngredients":{
        "data":[
          {
            "id":"2988b1af-0001-4ff9-a712-18d310100d76",
            "type":"recipeIngredients"
          },
          {
            "id":"2988b1af-0002-4ff9-a712-18d310100d76",
            "type":"recipeIngredients"
          },
          {
            "id":"2988b1af-0003-4ff9-a712-18d310100d76",
            "type":"recipeIngredients"
          },
          {
            "id":"2988b1af-0004-4ff9-a712-18d310100d76",
            "type":"recipeIngredients"
          },
          {
            "id":"2988b1af-0005-4ff9-a712-18d310100d76",
            "type":"recipeIngredients"
          },
          {
            "id":"2988b1af-0006-4ff9-a712-18d310100d76",
            "type":"recipeIngredients"
          },
          {
            "id":"2988b1af-0007-4ff9-a712-18d310100d76",
            "type":"recipeIngredients"
          }
        ]
      },
      "historyItems":{
        "data":[

        ]
      },
      "recipeCountryMetrics":{
        "data":[

        ]
      },
      "collections":{
        "data":[

        ]
      },
      "qualityIndicators":{
        "data":[

        ]
      },
      "lockedBy":{
        "data":null
      }
    }
  },
  "included":[
    {
      "id":"aabbcc12-0000-45b8-a4e0-cb5373d1dbaf",
      "type":"media",
      "attributes":{
        "url":"https://www.dropbox.com/s/ep8be78ka9sn34a/nutriMaxDachRecipeCover_medium.jpeg?raw=1",
        "primaryRed":54,
        "primaryGreen":50,
        "primaryBlue":11,
        "availableSizes":{
          "thumbnail":"https://www.dropbox.com/s/ep8be78ka9sn34a/nutriMaxDachRecipeCover_medium.jpeg?raw=1",
          "high":"https://www.dropbox.com/s/ep8be78ka9sn34a/nutriMaxDachRecipeCover_medium.jpeg?raw=1",
          "medium":"https://www.dropbox.com/s/ep8be78ka9sn34a/nutriMaxDachRecipeCover_medium.jpeg?raw=1"
        }
      }
    },
    {
      "id":"aabbcc14-0000-45b8-a4e0-cb5373d1dbaf",
      "type":"media",
      "attributes":{
        "url":"https://www.dropbox.com/s/h48ntgu04ef4cdg/step.jpg?raw=1",
        "primaryRed":54,
        "primaryGreen":50,
        "primaryBlue":11,
        "availableSizes":{
          "thumbnail":"https://www.dropbox.com/s/h48ntgu04ef4cdg/step.jpg?raw=1",
          "high":"https://www.dropbox.com/s/h48ntgu04ef4cdg/step.jpg?raw=1",
          "medium":"https://www.dropbox.com/s/h48ntgu04ef4cdg/step.jpg?raw=1"
        }
      }
    },
    {
      "id":"751785ef-2061-4dc4-a2a8-11aac0218124",
      "type":"recipeTranslations",
      "attributes":{
        "createdAt":"2018-02-07T09:30:25.653Z",
        "modifiedAt":"2018-03-29T18:11:57.448Z",
        "language":"en_US",
        "title":"Salmon with Broccoli, Carrots and Pistachios",
        "description":"",
        "status":2,
        "isFavourite":false,
        "shareId":"8ae2f0cf",
        "favouriteCount":0,
        "viewCount":8,
        "keywords":null
      },
      "relationships":{
        "recipe":{
          "data":{
            "id":"79c592c1-d4e8-0000-0000-1234567df64f",
            "type":"recipes"
          }
        },
        "comments":{
          "data":[

          ]
        }
      }
    },
    {
      "id":"00000001-0001-0000-0000-c00000000000",
      "type":"profiles",
      "attributes":{
        "name":"Philips Nederland",
        "email":null,
        "type":"COUNTRY",
        "country":"NL",
        "description":null,
        "followersCount":20625,
        "followingCount":0,
        "isFollowing":true,
        "recipesCount":363
      },
      "relationships":{
        "profileImage":{
          "data":{
            "id":"50000001-0000-0000-0000-d00000000000",
            "type":"media"
          }
        },
        "followers":{
          "data":[

          ]
        },
        "following":{
          "data":[

          ]
        },
        "countryInfo":{
          "data":{
            "id":"c0000002-0000-0000-0000-cc0000000000",
            "type":"countryInfo"
          }
        }
      }
    },
    {
      "id":"50000001-0000-0000-0000-d00000000000",
      "type":"media",
      "attributes":{
        "url":"https://oneka-proxy-dev.cloud.pcftest.com/cf-s3-946d1bae-3585-46b4-9b4b-70ebb40e8a9b/c74c7803-f266-4814-8671-5428fd02dda6.png",
        "primaryRed":null,
        "primaryGreen":null,
        "primaryBlue":null,
        "availableSizes":{
          "thumbnail":"https://oneka-proxy-dev.cloud.pcftest.com/cf-s3-946d1bae-3585-46b4-9b4b-70ebb40e8a9b/c74c7803-f266-4814-8671-5428fd02dda6_thumbnail.png",
          "high":"https://oneka-proxy-dev.cloud.pcftest.com/cf-s3-946d1bae-3585-46b4-9b4b-70ebb40e8a9b/c74c7803-f266-4814-8671-5428fd02dda6_high.png",
          "medium":"https://oneka-proxy-dev.cloud.pcftest.com/cf-s3-946d1bae-3585-46b4-9b4b-70ebb40e8a9b/c74c7803-f266-4814-8671-5428fd02dda6_medium.png"
        }
      }
    },
    {
      "id":"c0000002-0000-0000-0000-cc0000000000",
      "type":"countryInfo",
      "attributes":{
        "code":"NL",
        "name":"Netherlands",
        "supported":true,
        "supportedLanguages":[
          "nl_NL"
        ]
      }
    },
    {
      "id":"f8717ea8-32d8-4e34-9eef-5b0c849fd78e",
      "type":"processingSteps",
      "attributes":{
        "order":1,
        "stepType":null,
        "durationSeconds":0,
        "temperatureCelsius":null,
        "speed":null
      },
      "relationships":{
        "stepImage":{
          "data":null
        },
        "recipe":{
          "data":{
            "id":"79c592c1-d4e8-0000-0000-1234567df64f",
            "type":"recipes"
          }
        },
        "processingStepTranslations":{
          "data":[
            {
              "id":"c4981e5a-7ddc-465b-aee9-18568236f752",
              "type":"processingStepTranslations"
            }
          ]
        }
      }
    },
    {
      "id":"ffccef0b-b6fc-4f1a-a076-f534523d8c35",
      "type":"processingSteps",
      "attributes":{
        "order":3,
        "stepType":"71e5a1be-8d94-4152-8dbd-7f4ffddf71aa",
        "durationSeconds":720,
        "temperatureCelsius":120,
        "humidity":"HIGH",
        "speed":null
      },
      "relationships":{
        "stepImage":null,
        "recipe":{
          "data":{
            "id":"79c592c1-d4e8-0000-0000-1234567df64f",
            "type":"recipes"
          }
        },
        "processingStepTranslations":{
          "data":[
            {
              "id":"3b56fd6b-62be-4ee7-8cb3-11c02807da2e",
              "type":"processingStepTranslations"
            }
          ]
        }
      }
    },
    {
      "id":"aabbdd0b-0000-4f1a-a076-f534523d8c35",
      "type":"processingSteps",
      "attributes":{
        "order":4,
        "stepType":null,
        "durationSeconds":0,
        "temperatureCelsius":null,
        "speed":null
      },
      "relationships":{
        "stepImage":{
          "data":null
        },
        "recipe":{
          "data":{
            "id":"79c592c1-d4e8-0000-0000-1234567df64f",
            "type":"recipes"
          }
        },
        "processingStepTranslations":{
          "data":[
            {
              "id":"aabbcc6b-0000-4ee7-8cb3-11c02807da2e",
              "type":"processingStepTranslations"
            }
          ]
        }
      }
    },
    {
      "id":"112b86a3-45f8-4e2d-943e-d915adf7103f",
      "type":"processingSteps",
      "attributes":{
        "order":2,
        "stepType":null,
        "durationSeconds":0,
        "temperatureCelsius":null,
        "speed":null
      },
      "relationships":{
        "stepImage":{
          "data":null
        },
        "recipe":{
          "data":{
            "id":"79c592c1-d4e8-0000-0000-1234567df64f",
            "type":"recipes"
          }
        },
        "processingStepTranslations":{
          "data":[
            {
              "id":"6e8662a3-ef7d-4d01-878b-ac535c11191b",
              "type":"processingStepTranslations"
            }
          ]
        }
      }
    },
    {
      "id":"c4981e5a-7ddc-465b-aee9-18568236f752",
      "type":"processingStepTranslations",
      "attributes":{
        "title":null,
        "language":"en_US",
        "description":"Carefully scale the salmon fillets. Rinse the scales with cold water. Dry tap the salmon fillets and brush them with the olive oil."
      },
      "relationships":{
        "processingStep":{
          "data":{
            "id":"f8717ea8-32d8-4e34-9eef-5b0c849fd78e",
            "type":"processingSteps"
          }
        }
      }
    },
    {
      "id":"3b56fd6b-62be-4ee7-8cb3-11c02807da2e",
      "type":"processingStepTranslations",
      "attributes":{
        "title":null,
        "language":"en_US",
        "description":"Put the tray and the basket in the device. Divide the basket into five equal parts vertically by its width, and place the food as follows from left to the right: broccoli florets, salmon fillet, broccoli florets, salmon fillet, broccoli florets. Top it with the carrot strips.\n\nMake sure that the water tank is sufficiently full. Close the lid and start the device with the indicated time, temperature, and the humidity level."
      },
      "relationships":{
        "processingStep":{
          "data":{
            "id":"ffccef0b-b6fc-4f1a-a076-f534523d8c35",
            "type":"processingSteps"
          }
        }
      }
    },
    {
      "id":"aabbcc6b-0000-4ee7-8cb3-11c02807da2e",
      "type":"processingStepTranslations",
      "attributes":{
        "title":null,
        "language":"en_US",
        "description":"Carefully open the lid after the device stops. Place the food on the plate. Garnish it with pistachios, and season it with freshly ground sea salt and pepper to your liking."
      },
      "relationships":{
        "processingStep":{
          "data":{
            "id":"aabbdd0b-0000-4f1a-a076-f534523d8c35",
            "type":"processingSteps"
          }
        }
      }
    },
    {
      "id":"6e8662a3-ef7d-4d01-878b-ac535c11191b",
      "type":"processingStepTranslations",
      "attributes":{
        "title":null,
        "language":"en_US",
        "description":"Rinse the vegetables with cold water. Cut equal sized florets from the broccoli. Peel the carrots and cut them into equal sized strips."
      },
      "relationships":{
        "processingStep":{
          "data":{
            "id":"112b86a3-45f8-4e2d-943e-d915adf7103f",
            "type":"processingSteps"
          }
        }
      }
    },
    {
      "id":"50000001-0000-0000-0000-d00000000000",
      "type":"media",
      "attributes":{
        "url":"https://oneka-proxy-dev.cloud.pcftest.com/cf-s3-946d1bae-3585-46b4-9b4b-70ebb40e8a9b/c74c7803-f266-4814-8671-5428fd02dda6.png",
        "primaryRed":null,
        "primaryGreen":null,
        "primaryBlue":null,
        "availableSizes":{
          "thumbnail":"https://oneka-proxy-dev.cloud.pcftest.com/cf-s3-946d1bae-3585-46b4-9b4b-70ebb40e8a9b/c74c7803-f266-4814-8671-5428fd02dda6_thumbnail.png",
          "high":"https://oneka-proxy-dev.cloud.pcftest.com/cf-s3-946d1bae-3585-46b4-9b4b-70ebb40e8a9b/c74c7803-f266-4814-8671-5428fd02dda6_high.png",
          "medium":"https://oneka-proxy-dev.cloud.pcftest.com/cf-s3-946d1bae-3585-46b4-9b4b-70ebb40e8a9b/c74c7803-f266-4814-8671-5428fd02dda6_medium.png"
        }
      }
    },
    {
      "id":"7a34e807-665e-4d9d-ac67-7170d69a350a",
      "type":"media",
      "attributes":{
        "url":"https://oneka-proxy-dev.cloud.pcftest.com/cf-s3-946d1bae-3585-46b4-9b4b-70ebb40e8a9b/11ff470f-87a8-4ed7-bfb5-a87d8e6200e7.png",
        "primaryRed":22,
        "primaryGreen":108,
        "primaryBlue":71,
        "availableSizes":{
          "thumbnail":"https://oneka-proxy-dev.cloud.pcftest.com/cf-s3-946d1bae-3585-46b4-9b4b-70ebb40e8a9b/11ff470f-87a8-4ed7-bfb5-a87d8e6200e7_thumbnail.png",
          "high":"https://oneka-proxy-dev.cloud.pcftest.com/cf-s3-946d1bae-3585-46b4-9b4b-70ebb40e8a9b/11ff470f-87a8-4ed7-bfb5-a87d8e6200e7_high.png",
          "medium":"https://oneka-proxy-dev.cloud.pcftest.com/cf-s3-946d1bae-3585-46b4-9b4b-70ebb40e8a9b/11ff470f-87a8-4ed7-bfb5-a87d8e6200e7_medium.png"
        }
      }
    },
    {
      "id":"71bff362-0538-4e04-9733-c873b0d0cfd8",
      "type":"devices",
      "attributes":{
        "range":"NutriMax",
        "model":"HD9XXX",
        "timeMinSeconds":60,
        "timeMaxSeconds":3600,
        "temperatureMinCelsius":40,
        "temperatureMaxCelsius":200,
        "temperatureIntervalCelsius":5,
        "temperatureMinFahrenheit":null,
        "temperatureMaxFahrenheit":null,
        "temperatureIntervalFahrenheit":null
      },
      "relationships":{
        "deviceFamily":{
          "data":{
            "id":"71e5a1be-8d94-4152-8dbd-7f4ffddf71aa",
            "type":"deviceFamilies"
          }
        },
        "accessories":{
          "data":[

          ]
        },
        "image":{
          "data":{
            "id":"92a27f38-cc1e-477a-abe7-c96d72da1643",
            "type":"media"
          }
        }
      }
    },
    {
      "id":"2988b1af-0001-4ff9-a712-18d310100d76",
      "type":"recipeIngredients",
      "attributes":{
        "metricUnit":"PIECE",
        "metricQuantity":2,
        "usUnit":null,
        "usQuantity":null,
        "impUnit":null,
        "impQuantity":null,
        "ingredientOrder":1,
        "mainIngredient":true,
        "mainIngredientSuggested":true,
        "gramQuantity":550
      },
      "relationships":{
        "recipe":{
          "data":{
            "id":"79c592c1-d4e8-0000-0000-1234567df64f",
            "type":"recipes"
          }
        },
        "ingredient":{
          "data":{
            "id":"12adc7aa-0001-4c01-9a9d-4eea70f6eba9",
            "type":"ingredients"
          }
        }
      }
    },
    {
      "id":"12adc7aa-0001-4c01-9a9d-4eea70f6eba9",
      "type":"ingredients",
      "attributes":{
        "type":"BASIC",
        "upc":null,
        "referencedRecipesCount":1,
        "translationCount":4,
        "nutritionInfoCount":3,
        "comment":null,
        "allergens":[

        ],
        "category":null,
        "subcategory":null,
        "createdBy":"ADMIN",
        "shortId":"MI-F98ED707"
      },
      "relationships":{
        "ingredientTranslations":{
          "data":[
            {
              "id":"75118478-0001-41ed-9ccd-fd2915715972",
              "type":"ingredientTranslations"
            }
          ]
        },
        "nutritionInfo":{
          "data":[
          ]
        },
        "recipeNutritionInfo":{
          "data":[

          ]
        },
        "specificConversions":{
          "data":[

          ]
        }
      }
    },
    {
      "id":"75118478-0001-41ed-9ccd-fd2915715972",
      "type":"ingredientTranslations",
      "attributes":{
        "nameSingular":"x 100 g salmon fillet, with skin, freshly caught",
        "namePlural":"x 100 g salmon fillet, with skin, freshly caught",
        "language":"en_US"
      },
      "relationships":{
        "ingredient":{
          "data":{
            "id":"12adc7aa-039f-4c01-9a9d-4eea70f6eba9",
            "type":"ingredients"
          }
        }
      }
    },
    {
      "id":"2988b1af-0002-4ff9-a712-18d310100d76",
      "type":"recipeIngredients",
      "attributes":{
        "metricUnit":"PIECE",
        "metricQuantity":1,
        "usUnit":null,
        "usQuantity":null,
        "impUnit":null,
        "impQuantity":null,
        "ingredientOrder":2,
        "mainIngredient":true,
        "mainIngredientSuggested":true,
        "gramQuantity":550
      },
      "relationships":{
        "recipe":{
          "data":{
            "id":"79c592c1-d4e8-0000-0000-1234567df64f",
            "type":"recipes"
          }
        },
        "ingredient":{
          "data":{
            "id":"12adc7aa-0002-4c01-9a9d-4eea70f6eba9",
            "type":"ingredients"
          }
        }
      }
    },
    {
      "id":"12adc7aa-0002-4c01-9a9d-4eea70f6eba9",
      "type":"ingredients",
      "attributes":{
        "type":"BASIC",
        "upc":null,
        "referencedRecipesCount":1,
        "translationCount":4,
        "nutritionInfoCount":3,
        "comment":null,
        "allergens":[

        ],
        "category":null,
        "subcategory":null,
        "createdBy":"ADMIN",
        "shortId":"MI-F98ED707"
      },
      "relationships":{
        "ingredientTranslations":{
          "data":[
            {
              "id":"75118478-0002-41ed-9ccd-fd2915715972",
              "type":"ingredientTranslations"
            }
          ]
        },
        "nutritionInfo":{
          "data":[
          ]
        },
        "recipeNutritionInfo":{
          "data":[

          ]
        },
        "specificConversions":{
          "data":[

          ]
        }
      }
    },
    {
      "id":"75118478-0002-41ed-9ccd-fd2915715972",
      "type":"ingredientTranslations",
      "attributes":{
        "nameSingular":"x teaspoon of olive oil",
        "namePlural":"x teaspoon of olive oil",
        "language":"en_US"
      },
      "relationships":{
        "ingredient":{
          "data":{
            "id":"12adc7aa-0002-4c01-9a9d-4eea70f6eba9",
            "type":"ingredients"
          }
        }
      }
    },
    {
      "id":"2988b1af-0003-4ff9-a712-18d310100d76",
      "type":"recipeIngredients",
      "attributes":{
        "metricUnit":"PIECE",
        "metricQuantity":1,
        "usUnit":null,
        "usQuantity":null,
        "impUnit":null,
        "impQuantity":null,
        "ingredientOrder":3,
        "mainIngredient":true,
        "mainIngredientSuggested":true,
        "gramQuantity":550
      },
      "relationships":{
        "recipe":{
          "data":{
            "id":"79c592c1-d4e8-0000-0000-1234567df64f",
            "type":"recipes"
          }
        },
        "ingredient":{
          "data":{
            "id":"12adc7aa-0003-4c01-9a9d-4eea70f6eba9",
            "type":"ingredients"
          }
        }
      }
    },
    {
      "id":"12adc7aa-0003-4c01-9a9d-4eea70f6eba9",
      "type":"ingredients",
      "attributes":{
        "type":"BASIC",
        "upc":null,
        "referencedRecipesCount":1,
        "translationCount":4,
        "nutritionInfoCount":3,
        "comment":null,
        "allergens":[

        ],
        "category":null,
        "subcategory":null,
        "createdBy":"ADMIN",
        "shortId":"MI-F98ED707"
      },
      "relationships":{
        "ingredientTranslations":{
          "data":[
            {
              "id":"75118478-0003-41ed-9ccd-fd2915715972",
              "type":"ingredientTranslations"
            }
          ]
        },
        "nutritionInfo":{
          "data":[
          ]
        },
        "recipeNutritionInfo":{
          "data":[

          ]
        },
        "specificConversions":{
          "data":[

          ]
        }
      }
    },
    {
      "id":"75118478-0003-41ed-9ccd-fd2915715972",
      "type":"ingredientTranslations",
      "attributes":{
        "nameSingular":"x medium sized broccoli, fresh",
        "namePlural":"x medium sized broccoli, fresh",
        "language":"en_US"
      },
      "relationships":{
        "ingredient":{
          "data":{
            "id":"12adc7aa-0003-4c01-9a9d-4eea70f6eba9",
            "type":"ingredients"
          }
        }
      }
    },
    {
      "id":"2988b1af-0004-4ff9-a712-18d310100d76",
      "type":"recipeIngredients",
      "attributes":{
        "metricUnit":"PIECE",
        "metricQuantity":50,
        "usUnit":null,
        "usQuantity":null,
        "impUnit":null,
        "impQuantity":null,
        "ingredientOrder":4,
        "mainIngredient":true,
        "mainIngredientSuggested":true,
        "gramQuantity":550
      },
      "relationships":{
        "recipe":{
          "data":{
            "id":"79c592c1-d4e8-0000-0000-1234567df64f",
            "type":"recipes"
          }
        },
        "ingredient":{
          "data":{
            "id":"12adc7aa-0004-4c01-9a9d-4eea70f6eba9",
            "type":"ingredients"
          }
        }
      }
    },
    {
      "id":"12adc7aa-0004-4c01-9a9d-4eea70f6eba9",
      "type":"ingredients",
      "attributes":{
        "type":"BASIC",
        "upc":null,
        "referencedRecipesCount":1,
        "translationCount":4,
        "nutritionInfoCount":3,
        "comment":null,
        "allergens":[

        ],
        "category":null,
        "subcategory":null,
        "createdBy":"ADMIN",
        "shortId":"MI-F98ED707"
      },
      "relationships":{
        "ingredientTranslations":{
          "data":[
            {
              "id":"75118478-0004-41ed-9ccd-fd2915715972",
              "type":"ingredientTranslations"
            }
          ]
        },
        "nutritionInfo":{
          "data":[
          ]
        },
        "recipeNutritionInfo":{
          "data":[

          ]
        },
        "specificConversions":{
          "data":[

          ]
        }
      }
    },
    {
      "id":"75118478-0004-41ed-9ccd-fd2915715972",
      "type":"ingredientTranslations",
      "attributes":{
        "nameSingular":"g carrots, mixed colors, fresh",
        "namePlural":"g carrots, mixed colors, fresh",
        "language":"en_US"
      },
      "relationships":{
        "ingredient":{
          "data":{
            "id":"12adc7aa-0004-4c01-9a9d-4eea70f6eba9",
            "type":"ingredients"
          }
        }
      }
    },
    {
      "id":"2988b1af-0005-4ff9-a712-18d310100d76",
      "type":"recipeIngredients",
      "attributes":{
        "metricUnit":"PIECE",
        "metricQuantity":1,
        "usUnit":null,
        "usQuantity":null,
        "impUnit":null,
        "impQuantity":null,
        "ingredientOrder":5,
        "mainIngredient":true,
        "mainIngredientSuggested":true,
        "gramQuantity":550
      },
      "relationships":{
        "recipe":{
          "data":{
            "id":"79c592c1-d4e8-0000-0000-1234567df64f",
            "type":"recipes"
          }
        },
        "ingredient":{
          "data":{
            "id":"12adc7aa-0005-4c01-9a9d-4eea70f6eba9",
            "type":"ingredients"
          }
        }
      }
    },
    {
      "id":"12adc7aa-0005-4c01-9a9d-4eea70f6eba9",
      "type":"ingredients",
      "attributes":{
        "type":"BASIC",
        "upc":null,
        "referencedRecipesCount":1,
        "translationCount":4,
        "nutritionInfoCount":3,
        "comment":null,
        "allergens":[

        ],
        "category":null,
        "subcategory":null,
        "createdBy":"ADMIN",
        "shortId":"MI-F98ED707"
      },
      "relationships":{
        "ingredientTranslations":{
          "data":[
            {
              "id":"75118478-0005-41ed-9ccd-fd2915715972",
              "type":"ingredientTranslations"
            }
          ]
        },
        "nutritionInfo":{
          "data":[
          ]
        },
        "recipeNutritionInfo":{
          "data":[

          ]
        },
        "specificConversions":{
          "data":[

          ]
        }
      }
    },
    {
      "id":"75118478-0005-41ed-9ccd-fd2915715972",
      "type":"ingredientTranslations",
      "attributes":{
        "nameSingular":"x teaspoon of roughly chopped pistachios",
        "namePlural":"x teaspoon of roughly chopped pistachios",
        "language":"en_US"
      },
      "relationships":{
        "ingredient":{
          "data":{
            "id":"12adc7aa-0005-4c01-9a9d-4eea70f6eba9",
            "type":"ingredients"
          }
        }
      }
    },
    {
      "id":"2988b1af-0006-4ff9-a712-18d310100d76",
      "type":"recipeIngredients",
      "attributes":{
        "metricUnit":"PIECE",
        "metricQuantity":null,
        "usUnit":null,
        "usQuantity":null,
        "impUnit":null,
        "impQuantity":null,
        "ingredientOrder":6,
        "mainIngredient":true,
        "mainIngredientSuggested":true,
        "gramQuantity":550
      },
      "relationships":{
        "recipe":{
          "data":{
            "id":"79c592c1-d4e8-0000-0000-1234567df64f",
            "type":"recipes"
          }
        },
        "ingredient":{
          "data":{
            "id":"12adc7aa-0006-4c01-9a9d-4eea70f6eba9",
            "type":"ingredients"
          }
        }
      }
    },
    {
      "id":"12adc7aa-0006-4c01-9a9d-4eea70f6eba9",
      "type":"ingredients",
      "attributes":{
        "type":"BASIC",
        "upc":null,
        "referencedRecipesCount":1,
        "translationCount":4,
        "nutritionInfoCount":3,
        "comment":null,
        "allergens":[

        ],
        "category":null,
        "subcategory":null,
        "createdBy":"ADMIN",
        "shortId":"MI-F98ED707"
      },
      "relationships":{
        "ingredientTranslations":{
          "data":[
            {
              "id":"75118478-0006-41ed-9ccd-fd2915715972",
              "type":"ingredientTranslations"
            }
          ]
        },
        "nutritionInfo":{
          "data":[
          ]
        },
        "recipeNutritionInfo":{
          "data":[

          ]
        },
        "specificConversions":{
          "data":[

          ]
        }
      }
    },
    {
      "id":"75118478-0006-41ed-9ccd-fd2915715972",
      "type":"ingredientTranslations",
      "attributes":{
        "nameSingular":"freshly ground sea salt to the taste",
        "namePlural":"freshly ground sea salt to the taste",
        "language":"en_US"
      },
      "relationships":{
        "ingredient":{
          "data":{
            "id":"12adc7aa-0006-4c01-9a9d-4eea70f6eba9",
            "type":"ingredients"
          }
        }
      }
    },
    {
      "id":"2988b1af-0007-4ff9-a712-18d310100d76",
      "type":"recipeIngredients",
      "attributes":{
        "metricUnit":"PIECE",
        "metricQuantity":null,
        "usUnit":null,
        "usQuantity":null,
        "impUnit":null,
        "impQuantity":null,
        "ingredientOrder":7,
        "mainIngredient":true,
        "mainIngredientSuggested":true,
        "gramQuantity":550
      },
      "relationships":{
        "recipe":{
          "data":{
            "id":"79c592c1-d4e8-0000-0000-1234567df64f",
            "type":"recipes"
          }
        },
        "ingredient":{
          "data":{
            "id":"12adc7aa-0007-4c01-9a9d-4eea70f6eba9",
            "type":"ingredients"
          }
        }
      }
    },
    {
      "id":"12adc7aa-0007-4c01-9a9d-4eea70f6eba9",
      "type":"ingredients",
      "attributes":{
        "type":"BASIC",
        "upc":null,
        "referencedRecipesCount":1,
        "translationCount":4,
        "nutritionInfoCount":3,
        "comment":null,
        "allergens":[

        ],
        "category":null,
        "subcategory":null,
        "createdBy":"ADMIN",
        "shortId":"MI-F98ED707"
      },
      "relationships":{
        "ingredientTranslations":{
          "data":[
            {
              "id":"75118478-0007-41ed-9ccd-fd2915715972",
              "type":"ingredientTranslations"
            }
          ]
        },
        "nutritionInfo":{
          "data":[
          ]
        },
        "recipeNutritionInfo":{
          "data":[

          ]
        },
        "specificConversions":{
          "data":[

          ]
        }
      }
    },
    {
      "id":"75118478-0007-41ed-9ccd-fd2915715972",
      "type":"ingredientTranslations",
      "attributes":{
        "nameSingular":"freshly ground pepper to the taste",
        "namePlural":"freshly ground pepper to the taste",
        "language":"en_US"
      },
      "relationships":{
        "ingredient":{
          "data":{
            "id":"12adc7aa-0007-4c01-9a9d-4eea70f6eba9",
            "type":"ingredients"
          }
        }
      }
    },
    {
      "id":"2988b1af-0008-4ff9-a712-18d310100d76",
      "type":"recipeIngredients",
      "attributes":{
        "metricUnit":"PIECE",
        "metricQuantity":10,
        "usUnit":null,
        "usQuantity":null,
        "impUnit":null,
        "impQuantity":null,
        "ingredientOrder":7,
        "mainIngredient":true,
        "mainIngredientSuggested":true,
        "gramQuantity":550
      },
      "relationships":{
        "recipe":{
          "data":{
            "id":"79c592c1-d4e8-0000-0000-1234567df64f",
            "type":"recipes"
          }
        },
        "ingredient":{
          "data":{
            "id":"12adc7aa-0008-4c01-9a9d-4eea70f6eba9",
            "type":"ingredients"
          }
        }
      }
    },
    {
      "id":"12adc7aa-0008-4c01-9a9d-4eea70f6eba9",
      "type":"ingredients",
      "attributes":{
        "type":"BASIC",
        "upc":null,
        "referencedRecipesCount":1,
        "translationCount":4,
        "nutritionInfoCount":3,
        "comment":null,
        "allergens":[

        ],
        "category":null,
        "subcategory":null,
        "createdBy":"ADMIN",
        "shortId":"MI-F98ED707"
      },
      "relationships":{
        "ingredientTranslations":{
          "data":[
            {
              "id":"75118478-0008-41ed-9ccd-fd2915715972",
              "type":"ingredientTranslations"
            }
          ]
        },
        "nutritionInfo":{
          "data":[
          ]
        },
        "recipeNutritionInfo":{
          "data":[

          ]
        },
        "specificConversions":{
          "data":[

          ]
        }
      }
    },
    {
      "id":"75118478-0008-41ed-9ccd-fd2915715972",
      "type":"ingredientTranslations",
      "attributes":{
        "nameSingular":"g spring onion, thin slices",
        "namePlural":"g spring onion, thin slices",
        "language":"en_US"
      },
      "relationships":{
        "ingredient":{
          "data":{
            "id":"12adc7aa-0007-4c01-9a9d-4eea70f6eba9",
            "type":"ingredients"
          }
        }
      }
    }
  ]
}
