{"v":"5.1.1","fr":60,"ip":0,"op":15,"w":64,"h":64,"nm":"5 done cropped","ddd":0,"assets":[],"layers":[{"ddd":0,"ind":1,"ty":4,"nm":"done Outlines","sr":1,"ks":{"o":{"a":1,"k":[{"i":{"x":[0.043],"y":[1]},"o":{"x":[0.614],"y":[0]},"n":["0p043_1_0p614_0"],"t":1,"s":[0],"e":[100]},{"t":13}],"ix":11},"r":{"a":0,"k":0,"ix":10},"p":{"a":0,"k":[31.75,32,0],"ix":2},"a":{"a":0,"k":[27.25,27.25,0],"ix":1},"s":{"a":1,"k":[{"i":{"x":[0.404,0.404,0.667],"y":[1.472,1.472,1]},"o":{"x":[0.43,0.43,0.333],"y":[0.584,0.584,0]},"n":["0p404_1p472_0p43_0p584","0p404_1p472_0p43_0p584","0p667_1_0p333_0"],"t":1,"s":[50,50,100],"e":[100,100,100]},{"t":13}],"ix":6}},"ao":0,"shapes":[{"ty":"gr","it":[{"ind":0,"ty":"sh","ix":1,"ks":{"a":0,"k":{"i":[[0,0],[0,0],[0,0],[0,0],[0,0],[0,0]],"o":[[0,0],[0,0],[0,0],[0,0],[0,0],[0,0]],"v":[[-3.827,12],[-16,-1.636],[-13.195,-4.331],[-3.827,4.444],[11.648,-10.667],[13.975,-8.227]],"c":true},"ix":2},"nm":"Path 1","mn":"ADBE Vector Shape - Group","hd":false},{"ind":1,"ty":"sh","ix":2,"ks":{"a":0,"k":{"i":[[14.912,0],[0,-14.912],[-14.911,0],[0,14.912]],"o":[[-14.911,0],[0,14.912],[14.912,0],[0,-14.912]],"v":[[0,-27],[-27,0],[0,27],[27,0]],"c":true},"ix":2},"nm":"Path 2","mn":"ADBE Vector Shape - Group","hd":false},{"ty":"mm","mm":1,"nm":"Merge Paths 1","mn":"ADBE Vector Filter - Merge","hd":false},{"ty":"fl","c":{"a":0,"k":[1,1,1,1],"ix":4},"o":{"a":0,"k":100,"ix":5},"r":1,"nm":"Fill 1","mn":"ADBE Vector Graphic - Fill","hd":false},{"ty":"tr","p":{"a":0,"k":[27.25,27.25],"ix":2},"a":{"a":0,"k":[0,0],"ix":1},"s":{"a":0,"k":[100,100],"ix":3},"r":{"a":0,"k":0,"ix":6},"o":{"a":0,"k":100,"ix":7},"sk":{"a":0,"k":0,"ix":4},"sa":{"a":0,"k":0,"ix":5},"nm":"Transform"}],"nm":"Group 1","np":4,"cix":2,"ix":1,"mn":"ADBE Vector Group","hd":false}],"ip":1,"op":16,"st":1,"bm":0}],"markers":[]}