{"v":"5.5.8","fr":30,"ip":0,"op":53,"w":80,"h":80,"nm":"Wireless_01","ddd":0,"assets":[],"layers":[{"ddd":0,"ind":1,"ty":4,"nm":"04","sr":1,"ks":{"o":{"a":1,"k":[{"i":{"x":[0.667],"y":[1]},"o":{"x":[0.333],"y":[0]},"t":21,"s":[0]},{"i":{"x":[0.667],"y":[1]},"o":{"x":[0.167],"y":[0]},"t":37,"s":[100]},{"i":{"x":[0.667],"y":[1]},"o":{"x":[0.167],"y":[0]},"t":43,"s":[100]},{"t":52,"s":[0]}],"ix":11},"r":{"a":0,"k":0,"ix":10},"p":{"a":1,"k":[{"i":{"x":0.203,"y":1},"o":{"x":0.333,"y":0},"t":21,"s":[53.75,40,0],"to":[1.5,0,0],"ti":[-1.5,0,0]},{"t":45,"s":[62.75,40,0]}],"ix":2},"a":{"a":0,"k":[62.5,40,0],"ix":1},"s":{"a":0,"k":[100,100,100],"ix":6}},"ao":0,"shapes":[{"ty":"gr","it":[{"ind":0,"ty":"sh","ix":1,"ks":{"a":0,"k":{"i":[[3.721,10.247],[-1.817,0.66],[-0.661,-1.817],[0,-11.957],[4.208,-11.263],[1.811,0.677],[-0.677,1.81],[0,11.436]],"o":[[-0.66,-1.817],[1.817,-0.66],[3.998,11.011],[0,12.276],[-0.677,1.811],[-1.811,-0.676],[3.916,-10.483],[0,-11.14]],"v":[[-5.835,-32.681],[-3.741,-37.166],[0.745,-35.071],[6.812,-0.424],[0.423,35.095],[-4.081,37.149],[-6.135,32.646],[-0.189,-0.424]],"c":true},"ix":2},"nm":"Path 1","mn":"ADBE Vector Shape - Group","hd":false},{"ty":"fl","c":{"a":1,"k":[{"i":{"x":[0.091],"y":[1]},"o":{"x":[0.333],"y":[0]},"t":28,"s":[0.910000011968,0.910000011968,0.910000011968,1]},{"t":45,"s":[0.372999991623,0.6,0.125,1]}],"ix":4},"o":{"a":0,"k":100,"ix":5},"r":1,"bm":0,"nm":"Fill 1","mn":"ADBE Vector Graphic - Fill","hd":false},{"ty":"tr","p":{"a":0,"k":[59.723,40.377],"ix":2},"a":{"a":0,"k":[0,0],"ix":1},"s":{"a":0,"k":[100,100],"ix":3},"r":{"a":0,"k":0,"ix":6},"o":{"a":0,"k":100,"ix":7},"sk":{"a":0,"k":0,"ix":4},"sa":{"a":0,"k":0,"ix":5},"nm":"Transform"}],"nm":"Group 4","np":4,"cix":2,"bm":0,"ix":1,"mn":"ADBE Vector Group","hd":false}],"ip":0,"op":600,"st":0,"bm":0},{"ddd":0,"ind":2,"ty":4,"nm":"03","sr":1,"ks":{"o":{"a":1,"k":[{"i":{"x":[0.667],"y":[1]},"o":{"x":[0.333],"y":[0]},"t":15,"s":[0]},{"i":{"x":[0.667],"y":[1]},"o":{"x":[0.167],"y":[0]},"t":32,"s":[100]},{"i":{"x":[0.667],"y":[1]},"o":{"x":[0.167],"y":[0]},"t":37,"s":[100]},{"t":46,"s":[0]}],"ix":11},"r":{"a":0,"k":0,"ix":10},"p":{"a":1,"k":[{"i":{"x":0.203,"y":1},"o":{"x":0.333,"y":0},"t":15,"s":[37.75,40,0],"to":[1.5,0,0],"ti":[-1.5,0,0]},{"t":42,"s":[46.75,40,0]}],"ix":2},"a":{"a":0,"k":[46.5,40,0],"ix":1},"s":{"a":0,"k":[100,100,100],"ix":6}},"ao":0,"shapes":[{"ty":"gr","it":[{"ind":0,"ty":"sh","ix":1,"ks":{"a":0,"k":{"i":[[2.69,7.998],[-1.832,0.616],[-0.616,-1.832],[0,-9.38],[3.13,-8.977],[1.825,0.637],[-0.637,1.825],[0,8.914]],"o":[[-0.616,-1.832],[1.832,-0.616],[2.931,8.715],[0,9.702],[-0.637,1.825],[-1.825,-0.636],[2.873,-8.238],[0,-8.619]],"v":[[-5.081,-25.474],[-2.88,-29.907],[1.553,-27.706],[5.997,-0.431],[1.249,27.734],[-3.209,29.885],[-5.361,25.428],[-1.003,-0.431]],"c":true},"ix":2},"nm":"Path 1","mn":"ADBE Vector Shape - Group","hd":false},{"ty":"fl","c":{"a":1,"k":[{"i":{"x":[0.091],"y":[1]},"o":{"x":[0.333],"y":[0]},"t":21,"s":[0.910000011968,0.910000011968,0.910000011968,1]},{"t":42,"s":[0.372999991623,0.6,0.125,1]}],"ix":4},"o":{"a":0,"k":100,"ix":5},"r":1,"bm":0,"nm":"Fill 1","mn":"ADBE Vector Graphic - Fill","hd":false},{"ty":"tr","p":{"a":0,"k":[44.538,40.383],"ix":2},"a":{"a":0,"k":[0,0],"ix":1},"s":{"a":0,"k":[100,100],"ix":3},"r":{"a":0,"k":0,"ix":6},"o":{"a":0,"k":100,"ix":7},"sk":{"a":0,"k":0,"ix":4},"sa":{"a":0,"k":0,"ix":5},"nm":"Transform"}],"nm":"Group 3","np":4,"cix":2,"bm":0,"ix":1,"mn":"ADBE Vector Group","hd":false}],"ip":0,"op":600,"st":0,"bm":0},{"ddd":0,"ind":3,"ty":4,"nm":"02","sr":1,"ks":{"o":{"a":1,"k":[{"i":{"x":[0.667],"y":[1]},"o":{"x":[0.333],"y":[0]},"t":8,"s":[0]},{"i":{"x":[0.667],"y":[1]},"o":{"x":[0.167],"y":[0]},"t":24,"s":[100]},{"i":{"x":[0.667],"y":[1]},"o":{"x":[0.167],"y":[0]},"t":30,"s":[100]},{"t":39,"s":[0]}],"ix":11},"r":{"a":0,"k":0,"ix":10},"p":{"a":1,"k":[{"i":{"x":0.203,"y":1},"o":{"x":0.333,"y":0},"t":8,"s":[22.25,40,0],"to":[1.5,0,0],"ti":[-1.5,0,0]},{"t":34,"s":[31.25,40,0]}],"ix":2},"a":{"a":0,"k":[31,40,0],"ix":1},"s":{"a":0,"k":[100,100,100],"ix":6}},"ao":0,"shapes":[{"ty":"gr","it":[{"ind":0,"ty":"sh","ix":1,"ks":{"a":0,"k":{"i":[[1.706,5.738],[-1.853,0.551],[-0.551,-1.853],[0,-6.787],[2.08,-6.659],[1.846,0.577],[-0.576,1.845],[0,6.403]],"o":[[-0.551,-1.853],[1.852,-0.551],[1.897,6.384],[0,7.113],[-0.577,1.845],[-1.845,-0.576],[1.87,-5.985],[0,-6.109]],"v":[[-4.378,-18.277],[-2.02,-22.628],[2.332,-20.27],[5.204,-0.439],[2.054,20.305],[-2.331,22.603],[-4.628,18.219],[-1.796,-0.439]],"c":true},"ix":2},"nm":"Path 1","mn":"ADBE Vector Shape - Group","hd":false},{"ty":"fl","c":{"a":1,"k":[{"i":{"x":[0.091],"y":[1]},"o":{"x":[0.333],"y":[0]},"t":15,"s":[0.909803986549,0.909803986549,0.909803986549,1]},{"t":34,"s":[0.372999991623,0.6,0.125,1]}],"ix":4},"o":{"a":0,"k":100,"ix":5},"r":1,"bm":0,"nm":"Fill 1","mn":"ADBE Vector Graphic - Fill","hd":false},{"ty":"tr","p":{"a":0,"k":[29.331,40.392],"ix":2},"a":{"a":0,"k":[0,0],"ix":1},"s":{"a":0,"k":[100,100],"ix":3},"r":{"a":0,"k":0,"ix":6},"o":{"a":0,"k":100,"ix":7},"sk":{"a":0,"k":0,"ix":4},"sa":{"a":0,"k":0,"ix":5},"nm":"Transform"}],"nm":"Group 2","np":4,"cix":2,"bm":0,"ix":1,"mn":"ADBE Vector Group","hd":false}],"ip":0,"op":600,"st":0,"bm":0},{"ddd":0,"ind":4,"ty":4,"nm":"01","sr":1,"ks":{"o":{"a":1,"k":[{"i":{"x":[0.667],"y":[1]},"o":{"x":[0.333],"y":[0]},"t":0,"s":[0]},{"i":{"x":[0.667],"y":[1]},"o":{"x":[0.167],"y":[0]},"t":15,"s":[100]},{"i":{"x":[0.667],"y":[1]},"o":{"x":[0.167],"y":[0]},"t":22,"s":[100]},{"t":33,"s":[0]}],"ix":11},"r":{"a":0,"k":0,"ix":10},"p":{"a":1,"k":[{"i":{"x":0.203,"y":1},"o":{"x":0.333,"y":0},"t":0,"s":[5.75,40,0],"to":[1.5,0,0],"ti":[-1.5,0,0]},{"t":26,"s":[14.75,40,0]}],"ix":2},"a":{"a":0,"k":[14.5,40,0],"ix":1},"s":{"a":0,"k":[100,100,100],"ix":6}},"ao":0,"shapes":[{"ty":"gr","it":[{"ind":0,"ty":"sh","ix":1,"ks":{"a":0,"k":{"i":[[0.811,3.461],[-1.882,0.441],[-0.441,-1.882],[0,-4.16],[1.086,-4.28],[1.874,0.475],[-0.475,1.874],[0,3.912]],"o":[[-0.44,-1.882],[1.882,-0.441],[0.933,3.984],[0,4.494],[-0.475,1.874],[-1.874,-0.476],[0.944,-3.718],[0,-3.622]],"v":[[-3.774,-11.104],[-1.164,-15.309],[3.042,-12.701],[4.451,-0.454],[2.809,12.743],[-1.444,15.275],[-3.976,11.021],[-2.549,-0.454]],"c":true},"ix":2},"nm":"Path 1","mn":"ADBE Vector Shape - Group","hd":false},{"ty":"fl","c":{"a":1,"k":[{"i":{"x":[0.091],"y":[1]},"o":{"x":[0.333],"y":[0]},"t":8,"s":[0.909803981407,0.909803981407,0.909803981407,1]},{"t":26,"s":[0.372999991623,0.6,0.125,1]}],"ix":4},"o":{"a":0,"k":100,"ix":5},"r":1,"bm":0,"nm":"Fill 1","mn":"ADBE Vector Graphic - Fill","hd":false},{"ty":"tr","p":{"a":0,"k":[14.084,40.407],"ix":2},"a":{"a":0,"k":[0,0],"ix":1},"s":{"a":0,"k":[100,100],"ix":3},"r":{"a":0,"k":0,"ix":6},"o":{"a":0,"k":100,"ix":7},"sk":{"a":0,"k":0,"ix":4},"sa":{"a":0,"k":0,"ix":5},"nm":"Transform"}],"nm":"Group 1","np":4,"cix":2,"bm":0,"ix":1,"mn":"ADBE Vector Group","hd":false}],"ip":0,"op":600,"st":0,"bm":0}],"markers":[]}