{"v":"5.5.8","fr":30,"ip":0,"op":60,"w":80,"h":80,"nm":"Check","ddd":0,"assets":[],"layers":[{"ddd":0,"ind":1,"ty":4,"nm":"Check Outlines","sr":1,"ks":{"o":{"a":1,"k":[{"i":{"x":[0.667],"y":[1]},"o":{"x":[0.333],"y":[0]},"t":10,"s":[0]},{"t":17,"s":[100]}],"ix":11},"r":{"a":1,"k":[{"i":{"x":[0.227],"y":[1]},"o":{"x":[0.333],"y":[0]},"t":10,"s":[-20]},{"t":32,"s":[0]}],"ix":10},"p":{"a":0,"k":[40,40,0],"ix":2},"a":{"a":0,"k":[43,45.5,0],"ix":1},"s":{"a":1,"k":[{"i":{"x":[0.227,0.227,0.667],"y":[1,1,1]},"o":{"x":[0.333,0.333,0.333],"y":[0,0,0]},"t":10,"s":[80,80,100]},{"t":32,"s":[100,100,100]}],"ix":6}},"ao":0,"shapes":[{"ty":"gr","it":[{"ind":0,"ty":"sh","ix":1,"ks":{"a":0,"k":{"i":[[0,0],[0,0],[0,0],[0,0],[0,0],[0,0]],"o":[[0,0],[0,0],[0,0],[0,0],[0,0],[0,0]],"v":[[12.229,-11.2],[-4.019,4.667],[-13.855,-4.548],[-16.8,-1.717],[-4.019,12.6],[14.672,-8.638]],"c":true},"ix":2},"nm":"Path 1","mn":"ADBE Vector Shape - Group","hd":false},{"ind":1,"ty":"sh","ix":2,"ks":{"a":0,"k":{"i":[[-16.032,0],[0,-14.956],[14.935,0],[0,16.026]],"o":[[14.935,0],[0,16.026],[-16.032,0],[0,-14.956]],"v":[[0.548,-28],[28,-0.549],[0.548,28],[-28,-0.549]],"c":true},"ix":2},"nm":"Path 2","mn":"ADBE Vector Shape - Group","hd":false},{"ty":"mm","mm":1,"nm":"Merge Paths 1","mn":"ADBE Vector Filter - Merge","hd":false},{"ty":"fl","c":{"a":0,"k":[0.372999991623,0.6,0.125,1],"ix":4},"o":{"a":0,"k":100,"ix":5},"r":1,"bm":0,"nm":"Fill 1","mn":"ADBE Vector Graphic - Fill","hd":false},{"ty":"tr","p":{"a":0,"k":[42.5,45],"ix":2},"a":{"a":0,"k":[0,0],"ix":1},"s":{"a":0,"k":[100,100],"ix":3},"r":{"a":0,"k":0,"ix":6},"o":{"a":0,"k":100,"ix":7},"sk":{"a":0,"k":0,"ix":4},"sa":{"a":0,"k":0,"ix":5},"nm":"Transform"}],"nm":"Group 1","np":4,"cix":2,"bm":0,"ix":1,"mn":"ADBE Vector Group","hd":false}],"ip":0,"op":60,"st":0,"bm":0}],"markers":[]}