{"v":"5.5.8","fr":30,"ip":0,"op":979,"w":80,"h":80,"nm":"router 30sec","ddd":0,"assets":[{"id":"comp_0","layers":[{"ddd":0,"ind":1,
  "ty":4,"nm":"Mask","td":1,"sr":1,"ks":{"o":{"a":0,"k":100,"ix":11},"r":{"a":0,"k":0,"ix":10},"p":{"a":0,"k":[40,41,0],"ix":2},"a":{"a":0,"k":[0,0,0],"ix":1},"s":{"a":0,"k":[100,100,100],"ix":6}},"ao":0,"shapes":[{"ty":"gr","it":[{"ty":"rc","d":1,"s":{"a":0,"k":[78.365,32.259],"ix":2},"p":{"a":0,"k":[0,0],"ix":3},"r":{"a":0,"k":0,"ix":4},"nm":"Rectangle Path 1","mn":"ADBE Vector Shape - Rect","hd":false},{"ty":"fl","c":{"a":0,"k":[0.087727056765,0.528109681373,0.358311432483,1],"ix":4},"o":{"a":0,"k":100,"ix":5},"r":1,"bm":0,"nm":"Fill 1","mn":"ADBE Vector Graphic - Fill","hd":false},{"ty":"tr","p":{"a":0,"k":[0.433,-17.246],"ix":2},"a":{"a":0,"k":[0,0],"ix":1},"s":{"a":0,"k":[100,100],"ix":3},"r":{"a":0,"k":0,"ix":6},"o":{"a":0,"k":100,"ix":7},"sk":{"a":0,"k":0,"ix":4},"sa":{"a":0,"k":0,"ix":5},"nm":"Transform"}],"nm":"Rectangle 1","np":3,"cix":2,"bm":0,"ix":1,"mn":"ADBE Vector Group","hd":false}],"ip":0,"op":89,"st":0,"bm":0},{"ddd":0,"ind":2,"ty":4,"nm":"RouterBase","tt":2,"sr":1,"ks":{"o":{"a":0,"k":100,"ix":11},"r":{"a":0,"k":0,"ix":10},"p":{"a":0,"k":[40,40.461,0],"ix":2},"a":{"a":0,"k":[30.25,24.747,0],"ix":1},"s":{"a":0,"k":[100,100,100],"ix":6}},"ao":0,"shapes":[{"ty":"gr","it":[{"ind":0,"ty":"sh","ix":1,"ks":{"a":0,"k":{"i":[[-0.829,0],[0,-0.828],[0.829,0],[0,0.829]],"o":[[0.829,0],[0,0.829],[-0.829,0],[0,-0.828]],"v":[[-22,8.997],[-20.5,10.497],[-22,11.997],[-23.5,10.497]],"c":true},"ix":2},"nm":"Path 1","mn":"ADBE Vector Shape - Group","hd":false},{"ind":1,"ty":"sh","ix":2,"ks":{"a":0,"k":{"i":[[1.104,0],[0,-1.104],[-1.104,0],[0,1.105]],"o":[[-1.104,0],[0,1.105],[1.104,0],[0,-1.104]],"v":[[22,8.497],[20,10.497],[22,12.497],[24,10.497]],"c":true},"ix":2},"nm":"Path 2","mn":"ADBE Vector Shape - Group","hd":false},{"ind":2,"ty":"sh","ix":3,"ks":{"a":0,"k":{"i":[[1.104,0],[0,-1.104],[-1.104,0],[0,1.105]],"o":[[-1.104,0],[0,1.105],[1.104,0],[0,-1.104]],"v":[[16,8.497],[14,10.497],[16,12.497],[18,10.497]],"c":true},"ix":2},"nm":"Path 3","mn":"ADBE Vector Shape - Group","hd":false},{"ind":3,"ty":"sh","ix":4,"ks":{"a":0,"k":{"i":[[1.104,0],[0,-1.104],[-1.104,0],[0,1.105]],"o":[[-1.104,0],[0,1.105],[1.104,0],[0,-1.104]],"v":[[10,8.497],[8,10.497],[10,12.497],[12,10.497]],"c":true},"ix":2},"nm":"Path 4","mn":"ADBE Vector Shape - Group","hd":false},{"ind":4,"ty":"sh","ix":5,"ks":{"a":0,"k":{"i":[[1.381,0],[0,-1.38],[-1.381,0],[0,1.381]],"o":[[-1.381,0],[0,1.381],[1.381,0],[0,-1.38]],"v":[[-22,7.997],[-24.5,10.497],[-22,12.997],[-19.5,10.497]],"c":true},"ix":2},"nm":"Path 5","mn":"ADBE Vector Shape - Group","hd":false},{"ind":5,"ty":"sh","ix":6,"ks":{"a":0,"k":{"i":[[-1.088,-0.192],[0.191,-1.088],[0,0],[0,0],[0,-1.104],[0,0],[1.104,0],[0,0],[0,0],[1.381,0],[0,1.381],[0,0],[0,0],[0,0],[1.381,0],[0,1.381],[0,0],[0,0],[0,1.105],[0,0],[-1.104,0],[0,0],[0,0],[-1.006,0.255],[0,0],[-0.192,-1.088],[0,0],[0.015,-0.168],[0,0],[-0.03,0.174],[0,0]],"o":[[1.088,0.192],[0,0],[0,0],[1.104,0],[0,0],[0,1.105],[0,0],[0,0],[0,1.381],[-1.381,0],[0,0],[0,0],[0,0],[0,1.381],[-1.381,0],[0,0],[0,0],[-1.104,0],[0,0],[0,-1.104],[0,0],[0,0],[-0.183,-1.039],[0,0],[1.087,-0.192],[0,0],[0.03,0.174],[0,0],[-0.015,-0.168],[0,0],[0.192,-1.088]],"v":[[20.258,-24.305],[21.88,-21.988],[18.091,-0.503],[28,-0.503],[30,1.497],[30,19.497],[28,21.497],[24,21.497],[24,21.997],[21.5,24.497],[19,21.997],[19,21.497],[-19,21.497],[-19,21.997],[-21.5,24.497],[-24,21.997],[-24,21.497],[-28,21.497],[-30,19.497],[-30,1.497],[-28,-0.503],[-18.092,-0.503],[-21.88,-21.988],[-20.403,-24.274],[-20.257,-24.305],[-17.94,-22.683],[-14.12,-1.017],[-14.097,-0.502],[14.097,-0.502],[14.12,-1.017],[17.94,-22.683]],"c":true},"ix":2},"nm":"Path 6","mn":"ADBE Vector Shape - Group","hd":false},{"ty":"mm","mm":1,"nm":"Merge Paths 1","mn":"ADBE Vector Filter - Merge","hd":false},{"ty":"fl","c":{"a":0,"k":[0,0.419999994016,0.204000001795,1],"ix":4},"o":{"a":0,"k":100,"ix":5},"r":1,"bm":0,"nm":"Fill 1","mn":"ADBE Vector Graphic - Fill","hd":false},{"ty":"tr","p":{"a":0,"k":[30.25,24.747],"ix":2},"a":{"a":0,"k":[0,0],"ix":1},"s":{"a":0,"k":[100,100],"ix":3},"r":{"a":0,"k":0,"ix":6},"o":{"a":0,"k":100,"ix":7},"sk":{"a":0,"k":0,"ix":4},"sa":{"a":0,"k":0,"ix":5},"nm":"Transform"}],"nm":"Group 1","np":10,"cix":2,"bm":0,"ix":1,"mn":"ADBE Vector Group","hd":false}],"ip":0,"op":89,"st":0,"bm":0},{"ddd":0,"ind":3,"ty":4,"nm":"Antena_03","sr":1,"ks":{"o":{"a":0,"k":100,"ix":11},"r":{"a":0,"k":20,"ix":10},"p":{"a":0,"k":[56.5,41.125,0],"ix":2},"a":{"a":0,"k":[-15.5,0,0],"ix":1},"s":{"a":0,"k":[100,100,100],"ix":6}},"ao":0,"shapes":[{"ty":"gr","it":[{"ind":0,"ty":"sh","ix":1,"ks":{"a":0,"k":{"i":[[0,0],[0,0]],"o":[[0,0],[0,0]],"v":[[-20.25,-23.75],[-15,2.25]],"c":false},"ix":2},"nm":"Path 1","mn":"ADBE Vector Shape - Group","hd":false},{"ty":"st","c":{"a":0,"k":[0,0.419607873056,0.203921583587,1],"ix":3},"o":{"a":0,"k":100,"ix":4},"w":{"a":0,"k":4.5,"ix":5},"lc":2,"lj":1,"ml":4,"bm":0,"nm":"Stroke 1","mn":"ADBE Vector Graphic - Stroke","hd":false},{"ty":"tr","p":{"a":0,"k":[0,0],"ix":2},"a":{"a":0,"k":[0,0],"ix":1},"s":{"a":0,"k":[100,100],"ix":3},"r":{"a":0,"k":0,"ix":6},"o":{"a":0,"k":100,"ix":7},"sk":{"a":0,"k":0,"ix":4},"sa":{"a":0,"k":0,"ix":5},"nm":"Transform"}],"nm":"Shape 1","np":3,"cix":2,"bm":0,"ix":1,"mn":"ADBE Vector Group","hd":false}],"ip":0,"op":89,"st":0,"bm":0},{"ddd":0,"ind":4,"ty":4,"nm":"Antena_01","sr":1,"ks":{"o":{"a":0,"k":100,"ix":11},"r":{"a":0,"k":0,"ix":10},"p":{"a":0,"k":[24.5,41.125,0],"ix":2},"a":{"a":0,"k":[-15.5,0,0],"ix":1},"s":{"a":0,"k":[100,100,100],"ix":6}},"ao":0,"shapes":[{"ty":"gr","it":[{"ind":0,"ty":"sh","ix":1,"ks":{"a":0,"k":{"i":[[0,0],[0,0]],"o":[[0,0],[0,0]],"v":[[-20.25,-23.75],[-15,2.25]],"c":false},"ix":2},"nm":"Path 1","mn":"ADBE Vector Shape - Group","hd":false},{"ty":"st","c":{"a":0,"k":[0,0.419607873056,0.203921583587,1],"ix":3},"o":{"a":0,"k":100,"ix":4},"w":{"a":0,"k":4.5,"ix":5},"lc":2,"lj":1,"ml":4,"bm":0,"nm":"Stroke 1","mn":"ADBE Vector Graphic - Stroke","hd":false},{"ty":"tr","p":{"a":0,"k":[0,0],"ix":2},"a":{"a":0,"k":[0,0],"ix":1},"s":{"a":0,"k":[100,100],"ix":3},"r":{"a":0,"k":0,"ix":6},"o":{"a":0,"k":100,"ix":7},"sk":{"a":0,"k":0,"ix":4},"sa":{"a":0,"k":0,"ix":5},"nm":"Transform"}],"nm":"Shape 1","np":3,"cix":2,"bm":0,"ix":1,"mn":"ADBE Vector Group","hd":false}],"ip":0,"op":89,"st":0,"bm":0},{"ddd":0,"ind":5,"ty":4,"nm":"Circle_03","sr":1,"ks":{"o":{"a":1,"k":[{"i":{"x":[0.667],"y":[1]},"o":{"x":[0.333],"y":[0]},"t":66,"s":[0]},{"i":{"x":[0.667],"y":[1]},"o":{"x":[0.167],"y":[0]},"t":75,"s":[100]},{"i":{"x":[0.667],"y":[1]},"o":{"x":[0.167],"y":[0]},"t":77,"s":[100]},{"t":87,"s":[0]}],"ix":11},"r":{"a":0,"k":0,"ix":10},"p":{"a":0,"k":[62.25,51.125,0],"ix":2},"a":{"a":0,"k":[10.125,9.625,0],"ix":1},"s":{"a":0,"k":[100,100,100],"ix":6}},"ao":0,"shapes":[{"ty":"gr","it":[{"d":1,"ty":"el","s":{"a":0,"k":[5.635,5.635],"ix":2},"p":{"a":0,"k":[0,0],"ix":3},"nm":"Ellipse Path 1","mn":"ADBE Vector Shape - Ellipse","hd":false},{"ty":"fl","c":{"a":0,"k":[0.372999991623,0.6,0.125,1],"ix":4},"o":{"a":0,"k":100,"ix":5},"r":1,"bm":0,"nm":"Fill 1","mn":"ADBE Vector Graphic - Fill","hd":false},{"ty":"tr","p":{"a":0,"k":[10.068,9.443],"ix":2},"a":{"a":0,"k":[0,0],"ix":1},"s":{"a":0,"k":[100,100],"ix":3},"r":{"a":0,"k":0,"ix":6},"o":{"a":0,"k":100,"ix":7},"sk":{"a":0,"k":0,"ix":4},"sa":{"a":0,"k":0,"ix":5},"nm":"Transform"}],"nm":"Ellipse 1","np":3,"cix":2,"bm":0,"ix":1,"mn":"ADBE Vector Group","hd":false}],"ip":66,"op":87,"st":66,"bm":0},{"ddd":0,"ind":6,"ty":4,"nm":"Circle_02","sr":1,"ks":{"o":{"a":1,"k":[{"i":{"x":[0.667],"y":[1]},"o":{"x":[0.333],"y":[0]},"t":59,"s":[0]},{"i":{"x":[0.667],"y":[1]},"o":{"x":[0.167],"y":[0]},"t":68,"s":[100]},{"i":{"x":[0.667],"y":[1]},"o":{"x":[0.167],"y":[0]},"t":70,"s":[100]},{"t":80,"s":[0]}],"ix":11},"r":{"a":0,"k":0,"ix":10},"p":{"a":0,"k":[56,51.125,0],"ix":2},"a":{"a":0,"k":[10.125,9.625,0],"ix":1},"s":{"a":0,"k":[100,100,100],"ix":6}},"ao":0,"shapes":[{"ty":"gr","it":[{"d":1,"ty":"el","s":{"a":0,"k":[5.635,5.635],"ix":2},"p":{"a":0,"k":[0,0],"ix":3},"nm":"Ellipse Path 1","mn":"ADBE Vector Shape - Ellipse","hd":false},{"ty":"fl","c":{"a":0,"k":[0.372999991623,0.6,0.125,1],"ix":4},"o":{"a":0,"k":100,"ix":5},"r":1,"bm":0,"nm":"Fill 1","mn":"ADBE Vector Graphic - Fill","hd":false},{"ty":"tr","p":{"a":0,"k":[10.068,9.443],"ix":2},"a":{"a":0,"k":[0,0],"ix":1},"s":{"a":0,"k":[100,100],"ix":3},"r":{"a":0,"k":0,"ix":6},"o":{"a":0,"k":100,"ix":7},"sk":{"a":0,"k":0,"ix":4},"sa":{"a":0,"k":0,"ix":5},"nm":"Transform"}],"nm":"Ellipse 1","np":3,"cix":2,"bm":0,"ix":1,"mn":"ADBE Vector Group","hd":false}],"ip":59,"op":80,"st":59,"bm":0},{"ddd":0,"ind":7,"ty":4,"nm":"Circle_01","sr":1,"ks":{"o":{"a":1,"k":[{"i":{"x":[0.667],"y":[1]},"o":{"x":[0.333],"y":[0]},"t":53,"s":[0]},{"i":{"x":[0.667],"y":[1]},"o":{"x":[0.167],"y":[0]},"t":62,"s":[100]},{"i":{"x":[0.667],"y":[1]},"o":{"x":[0.167],"y":[0]},"t":64,"s":[100]},{"t":74,"s":[0]}],"ix":11},"r":{"a":0,"k":0,"ix":10},"p":{"a":0,"k":[50.125,51.125,0],"ix":2},"a":{"a":0,"k":[10.125,9.625,0],"ix":1},"s":{"a":0,"k":[100,100,100],"ix":6}},"ao":0,"shapes":[{"ty":"gr","it":[{"d":1,"ty":"el","s":{"a":0,"k":[5.635,5.635],"ix":2},"p":{"a":0,"k":[0,0],"ix":3},"nm":"Ellipse Path 1","mn":"ADBE Vector Shape - Ellipse","hd":false},{"ty":"fl","c":{"a":0,"k":[0.372999991623,0.6,0.125,1],"ix":4},"o":{"a":0,"k":100,"ix":5},"r":1,"bm":0,"nm":"Fill 1","mn":"ADBE Vector Graphic - Fill","hd":false},{"ty":"tr","p":{"a":0,"k":[10.068,9.443],"ix":2},"a":{"a":0,"k":[0,0],"ix":1},"s":{"a":0,"k":[100,100],"ix":3},"r":{"a":0,"k":0,"ix":6},"o":{"a":0,"k":100,"ix":7},"sk":{"a":0,"k":0,"ix":4},"sa":{"a":0,"k":0,"ix":5},"nm":"Transform"}],"nm":"Ellipse 1","np":3,"cix":2,"bm":0,"ix":1,"mn":"ADBE Vector Group","hd":false}],"ip":53,"op":74,"st":53,"bm":0}]}],"layers":[{"ddd":0,"ind":1,"ty":0,"nm":"Router_01","refId":"comp_0","sr":1,"ks":{"o":{"a":0,"k":100,"ix":11},"r":{"a":0,"k":0,"ix":10},"p":{"a":0,"k":[40,40,0],"ix":2},"a":{"a":0,"k":[40,40,0],"ix":1},"s":{"a":0,"k":[100,100,100],"ix":6}},"ao":0,"w":80,"h":80,"ip":890,"op":979,"st":890,"bm":0},{"ddd":0,"ind":2,"ty":0,"nm":"Router_01","refId":"comp_0","sr":1,"ks":{"o":{"a":0,"k":100,"ix":11},"r":{"a":0,"k":0,"ix":10},"p":{"a":0,"k":[40,40,0],"ix":2},"a":{"a":0,"k":[40,40,0],"ix":1},"s":{"a":0,"k":[100,100,100],"ix":6}},"ao":0,"w":80,"h":80,"ip":801,"op":890,"st":801,"bm":0},{"ddd":0,"ind":3,"ty":0,"nm":"Router_01","refId":"comp_0","sr":1,"ks":{"o":{"a":0,"k":100,"ix":11},"r":{"a":0,"k":0,"ix":10},"p":{"a":0,"k":[40,40,0],"ix":2},"a":{"a":0,"k":[40,40,0],"ix":1},"s":{"a":0,"k":[100,100,100],"ix":6}},"ao":0,"w":80,"h":80,"ip":712,"op":801,"st":712,"bm":0},{"ddd":0,"ind":4,"ty":0,"nm":"Router_01","refId":"comp_0","sr":1,"ks":{"o":{"a":0,"k":100,"ix":11},"r":{"a":0,"k":0,"ix":10},"p":{"a":0,"k":[40,40,0],"ix":2},"a":{"a":0,"k":[40,40,0],"ix":1},"s":{"a":0,"k":[100,100,100],"ix":6}},"ao":0,"w":80,"h":80,"ip":623,"op":712,"st":623,"bm":0},{"ddd":0,"ind":5,"ty":0,"nm":"Router_01","refId":"comp_0","sr":1,"ks":{"o":{"a":0,"k":100,"ix":11},"r":{"a":0,"k":0,"ix":10},"p":{"a":0,"k":[40,40,0],"ix":2},"a":{"a":0,"k":[40,40,0],"ix":1},"s":{"a":0,"k":[100,100,100],"ix":6}},"ao":0,"w":80,"h":80,"ip":534,"op":623,"st":534,"bm":0},{"ddd":0,"ind":6,"ty":0,"nm":"Router_01","refId":"comp_0","sr":1,"ks":{"o":{"a":0,"k":100,"ix":11},"r":{"a":0,"k":0,"ix":10},"p":{"a":0,"k":[40,40,0],"ix":2},"a":{"a":0,"k":[40,40,0],"ix":1},"s":{"a":0,"k":[100,100,100],"ix":6}},"ao":0,"w":80,"h":80,"ip":445,"op":534,"st":445,"bm":0},{"ddd":0,"ind":7,"ty":0,"nm":"Router_01","refId":"comp_0","sr":1,"ks":{"o":{"a":0,"k":100,"ix":11},"r":{"a":0,"k":0,"ix":10},"p":{"a":0,"k":[40,40,0],"ix":2},"a":{"a":0,"k":[40,40,0],"ix":1},"s":{"a":0,"k":[100,100,100],"ix":6}},"ao":0,"w":80,"h":80,"ip":356,"op":445,"st":356,"bm":0},{"ddd":0,"ind":8,"ty":0,"nm":"Router_01","refId":"comp_0","sr":1,"ks":{"o":{"a":0,"k":100,"ix":11},"r":{"a":0,"k":0,"ix":10},"p":{"a":0,"k":[40,40,0],"ix":2},"a":{"a":0,"k":[40,40,0],"ix":1},"s":{"a":0,"k":[100,100,100],"ix":6}},"ao":0,"w":80,"h":80,"ip":267,"op":356,"st":267,"bm":0},{"ddd":0,"ind":9,"ty":0,"nm":"Router_01","refId":"comp_0","sr":1,"ks":{"o":{"a":0,"k":100,"ix":11},"r":{"a":0,"k":0,"ix":10},"p":{"a":0,"k":[40,40,0],"ix":2},"a":{"a":0,"k":[40,40,0],"ix":1},"s":{"a":0,"k":[100,100,100],"ix":6}},"ao":0,"w":80,"h":80,"ip":178,"op":267,"st":178,"bm":0},{"ddd":0,"ind":10,"ty":0,"nm":"Router_01","refId":"comp_0","sr":1,"ks":{"o":{"a":0,"k":100,"ix":11},"r":{"a":0,"k":0,"ix":10},"p":{"a":0,"k":[40,40,0],"ix":2},"a":{"a":0,"k":[40,40,0],"ix":1},"s":{"a":0,"k":[100,100,100],"ix":6}},"ao":0,"w":80,"h":80,"ip":89,"op":178,"st":89,"bm":0},{"ddd":0,"ind":11,"ty":0,"nm":"Router_01","refId":"comp_0","sr":1,"ks":{"o":{"a":0,"k":100,"ix":11},"r":{"a":0,"k":0,"ix":10},"p":{"a":0,"k":[40,40,0],"ix":2},"a":{"a":0,"k":[40,40,0],"ix":1},"s":{"a":0,"k":[100,100,100],"i x":6}},"ao":0,"w":80,"h":80,"ip":0,"op":89,"st":0,"bm":0}],"markers":[]}